<?xml version="1.0" encoding="UTF-8" ?>
<!DOCTYPE mapper
  PUBLIC "-//mybatis.org//DTD Mapper 3.0//EN"
  "http://mybatis.org/dtd/mybatis-3-mapper.dtd">
<mapper namespace="kr.ac.twoportal.dao.BoardDao">
	
	
	<select id="countBoardList" parameterType="map" resultType="int">
        SELECT
	            count(*)
        FROM
             school_boards
       	where 
		 	board_category = #{category}
        <if test="searchOption eq 'title'">
				and board_title like CONCAT('%',#{searchBox},'%')
			</if>
			<if test="searchOption eq 'content'">
				and board_content like CONCAT('%',#{searchBox},'%')
			</if>
			<if test="searchOption eq 'titleContent'">
				and  board_title like CONCAT('%','#{searchBox}','%') or  board_content like CONCAT('%', '#{searchBox}', '%')
			</if>
			<if test="dateorview eq 'uploaddate'">
		        ORDER BY board_create_Date desc
			</if>	
			<if test="dateorview eq 'view'">
		        ORDER BY board_view_count desc
			</if>	
	</select>
	
	<select id="selectBoardList" parameterType="map" resultType="Board">
	        SELECT
	            board_no	as no,
	            pro_no		as proNo,
	            staff_no	as staffNo,
	            stu_no		as stuNo,
	            guest_nickname	as	guestNickname,
	            board_title		as	title,
	            board_content	as	content,
	            board_create_Date	as createDate,
	            board_category		as category,
	            board_view_count	as	viewCount,
	            board_pwd			as	pwd,
	            board_pwd_is_input	as pwdIsInput
	        FROM
	            school_boards
	        where 
				 board_category = #{category}
			<if test="searchOption eq 'title'">
				and board_title like CONCAT('%',#{searchBox},'%')
			</if>
			<if test="searchOption eq 'content'">
				and board_content like CONCAT('%',#{searchBox},'%')
			</if>
			<if test="searchOption eq 'titleContent'">
				and  board_title like CONCAT('%','#{searchBox}','%') or  board_content like CONCAT('%', '#{searchBox}', '%')
			</if>
			<if test="dateorview eq 'uploaddate'">
		        ORDER BY board_create_Date desc
			</if>	
			<if test="dateorview eq 'view'">
		        ORDER BY board_view_count desc
			</if>	
	        LIMIT #{pageStart}, #{perPageNum}

	</select>
	
	<select id="selectBoardListNotParameter" resultType="Board">
	        SELECT
	            board_no	as no,
	            pro_no		as proNo,
	            staff_no	as staffNo,
	            stu_no		as stuNo,
	            guest_nickname	as	guestNickname,
	            board_title		as	title,
	            board_content	as	content,
	            board_create_Date	as createDate,
	            board_category		as category,
	            board_view_count	as	viewCount,
	            board_pwd			as	pwd,
	            board_pwd_is_input	as pwdIsInput
	        FROM
	            school_boards
	        ORDER BY board_no desc
	</select>
	
	<select id="boardListDetail" parameterType="int" resultType="Board">
		 SELECT
	            board_no	as no,
	            pro_no		as proNo,
	            staff_no	as staffNo,
	            stu_no		as stuNo,
	            guest_nickname	as	guestNickname,
	            board_title		as	title,
	            board_content	as	content,
	            board_create_Date	as createDate,
	            board_category		as category,
	            board_view_count	as	viewCount,
	            board_pwd			as	pwd,
	            board_pwd_is_input	as pwdIsInput
	        FROM
	            school_boards
	        where 
	         	board_no = #{value} 
	</select>
	
	<!-- 이건희 -->
	<select id="getFiveBoardByProNo" parameterType="int" resultType="Board">
		select
			board_title			title,
			board_content		content,
			board_view_count	viewCount
		from school_boards
		where pro_no = #{value}
		order by board_create_date desc
		limit 5
	</select>

</mapper>