<?xml version="1.0" encoding="UTF-8" ?>
<!DOCTYPE mapper
  PUBLIC "-//mybatis.org//DTD Mapper 3.0//EN"
  "http://mybatis.org/dtd/mybatis-3-mapper.dtd">
<mapper namespace="kr.ac.twoportal.dao.LectureListDao">

	<!-- 수강신청 table에 데이터 저장 -->
	<insert id="insertLectureTable" parameterType="LectureList">
		insert into school_student_lecture_list
		(lect_no, stu_no, lecture_list_create_date)
		values
		(#{lectNo}, #{stuNo}, now())
	</insert>
	
	<select id="getLectureListByLecNo" parameterType="int" resultType="LectureList">
		select
			lecture_list_no				no,
			lect_no						lectNo,
			stu_no						stuNo,
			lecture_list_create_date	createDate
		from
			school_student_lecture_list
		where
			lect_no = #{value}
	
	</select>
	
	<select id="getLectureListBylectstuNos" parameterType="LectureList" resultType="LectureList">
		select
			lecture_list_no				no,
			lect_no						lectNo,
			stu_no						stuNo,
			lecture_list_create_date	createDate
		from
			school_student_lecture_list
		where
			lect_no = #{lectNo}
		and
			stu_no = #{stuNo}
	</select>
	
	<!-- JH : 조건으로 수강신청할 강의목록 검색 -->
	<select id="getLectureListByMajorAndDeptNoAndYear" parameterType="map" resultType="RegisterListDto">
		select
			A.subject_no			subNo,
			A.subject_name			subName,
			A.dept_no				deptNo,
			A.subject_credit		credit,
			A.subject_major			major,
			A.subject_target_year	targetYear,
			B.lect_place			place,
			B.lect_room				room,
			B.lect_total_number		totalNumber,
			B.lect_no				lectNo,
			C.pro_name				proName
		from
			school_subjects A, school_lectures B, school_professors C
		where
			A.subject_no = B.subject_no
			and B.pro_no = C.pro_no
			and A.dept_no = #{dept}
			and A.subject_target_year = #{year}
			and B.lect_status = '허용'
			<if test="ismajor != '전체'">
				and A.subject_major = #{ismajor}
			</if>
		order by
			subject_name asc
	</select>
	
	<!-- JH : 수강신청내역 DB에 넣기 -->
	<insert id="insertOneLecture" parameterType="LectureList">
		insert into school_student_lecture_list
		(lect_no, stu_no, lecture_list_create_date)
		values
		(#{lectNo}, #{stuNo}, now())
	</insert>

	<!-- JH : 학생번호로 수강내역 불러오기 -->
	<select id="getLectureListByStuNo" parameterType="int" resultType="RegisterListDto">
		select
			A.subject_no				subNo,
			A.subject_name				subName,
			A.dept_no					deptNo,
			A.subject_credit			credit,
			A.subject_major				major,
			A.subject_target_year		targetYear,
			B.lect_place				place,
			B.lect_room					room,
			B.lect_total_number			totalNumber,
			B.lect_no					lectNo,
			C.pro_name					proName,
			D.lecture_list_create_date	createDate
		from
			school_subjects A, school_lectures B, school_professors C, school_student_lecture_list D
			
		where
			A.subject_no = B.subject_no
			and B.pro_no = C.pro_no
			and B.lect_status = '허용'
			and B.lect_no = D.lect_no
			and D.stu_no = #{value}
		order by
			subject_name asc
	</select>
	
	<!-- JH : 학생번호로 총신청과목,신청학점 불러오기 -->
	<select id="getSubCountAndCreditCountByStuNo" parameterType="int" resultType="RegisteredCountDto">
		select  
			count(*) subCount,
			sum(
				case 
					when C.subject_major = '전공' then 3
					when C.subject_major = '교양' then 2
				end
			) creditCount
		from
			school_student_lecture_list A, school_lectures B , school_subjects C
		where
			A.stu_no = 50000
			and A.lect_no = B.lect_no
			and B.subject_no = C.subject_no
	</select>
	
	<!-- JH : 학생번호와 강의번호로 수강리스트에 있는 과목 한개 삭제하기 -->
	<delete id="deleteOneLecture" parameterType="map">
		delete from school_student_lecture_list
		where
			lect_no = #{lectNo}
			and stu_no = #{stuNo}
	</delete>
	
	<select id="getLecturListsByLectNo" parameterType="int" resultType="LectureList">
		select
			lecture_list_no				no,
			lect_no						lectNo,
			stu_no						stuNo,
			lecture_list_create_date	createDate
		from
			school_student_lecture_list
		where
			lect_no = #{value}
	</select>
	
	<select id="getLecturListByListNo" parameterType="int" resultType="LectureList">
		select
			lecture_list_no				no,
			lect_no						lectNo,
			stu_no						stuNo,
			lecture_list_create_date	createDate
		from
			school_student_lecture_list
		where
			lecture_list_no = #{value}
	</select>

</mapper>